"No.","Time","Source","Destination","Protocol","Length","Info"
"1","0.000000","::1","::1","UDP","84","51360  >  51360 Len=32"
"2","0.032712","::1","::1","UDP","76","51360  >  51360 Len=24"
"3","0.035798","::1","::1","UDP","84","51360  >  51360 Len=32"
"4","0.060039","::1","::1","UDP","988","51360  >  51360 Len=936"
"5","0.060057","::1","::1","UDP","428","51360  >  51360 Len=376"
"6","0.060062","::1","::1","UDP","540","51360  >  51360 Len=488"
"7","5.981082","fe80::3010:6275:62a1:7b7b","ff02::c","UDP/XML","708","51370  >  3702 Len=656"
"8","5.981142","fe80::5f36:2b4d:83c2:f449","ff02::c","UDP/XML","708","51370  >  3702 Len=656"
"9","5.981183","::1","ff02::c","UDP/XML","708","51370  >  3702 Len=656"
"10","5.981407","192.168.3.126","239.255.255.250","UDP/XML","688","51369  >  3702 Len=656"
"11","5.981459","192.168.56.1","239.255.255.250","UDP/XML","688","51369  >  3702 Len=656"
"12","5.981496","127.0.0.1","239.255.255.250","UDP/XML","688","51369  >  3702 Len=656"
"13","6.105612","192.168.3.126","239.255.255.250","UDP/XML","688","51369  >  3702 Len=656"
"14","6.105662","192.168.56.1","239.255.255.250","UDP/XML","688","51369  >  3702 Len=656"
"15","6.105678","127.0.0.1","239.255.255.250","UDP/XML","688","51369  >  3702 Len=656"
"16","6.215674","fe80::3010:6275:62a1:7b7b","ff02::c","UDP/XML","708","51370  >  3702 Len=656"
"17","6.215748","fe80::5f36:2b4d:83c2:f449","ff02::c","UDP/XML","708","51370  >  3702 Len=656"
"18","6.215777","::1","ff02::c","UDP/XML","708","51370  >  3702 Len=656"
"19","6.356323","192.168.3.126","239.255.255.250","UDP/XML","688","51369  >  3702 Len=656"
"20","6.356378","192.168.56.1","239.255.255.250","UDP/XML","688","51369  >  3702 Len=656"
"21","6.356404","127.0.0.1","239.255.255.250","UDP/XML","688","51369  >  3702 Len=656"
"22","6.680452","fe80::3010:6275:62a1:7b7b","ff02::c","UDP/XML","708","51370  >  3702 Len=656"
"23","6.680524","fe80::5f36:2b4d:83c2:f449","ff02::c","UDP/XML","708","51370  >  3702 Len=656"
"24","6.680545","::1","ff02::c","UDP/XML","708","51370  >  3702 Len=656"
"25","6.850227","192.168.3.126","239.255.255.250","UDP/XML","688","51369  >  3702 Len=656"
"26","6.850299","192.168.56.1","239.255.255.250","UDP/XML","688","51369  >  3702 Len=656"
"27","6.850315","127.0.0.1","239.255.255.250","UDP/XML","688","51369  >  3702 Len=656"
"28","7.608201","fe80::3010:6275:62a1:7b7b","ff02::c","UDP/XML","708","51370  >  3702 Len=656"
"29","7.608252","fe80::5f36:2b4d:83c2:f449","ff02::c","UDP/XML","708","51370  >  3702 Len=656"
"30","7.608287","::1","ff02::c","UDP/XML","708","51370  >  3702 Len=656"
"31","7.842049","192.168.3.126","239.255.255.250","UDP/XML","688","51369  >  3702 Len=656"
"32","7.842114","192.168.56.1","239.255.255.250","UDP/XML","688","51369  >  3702 Len=656"
"33","7.842140","127.0.0.1","239.255.255.250","UDP/XML","688","51369  >  3702 Len=656"
"34","9.444407","fe80::3010:6275:62a1:7b7b","ff02::c","UDP/XML","708","51370  >  3702 Len=656"
"35","9.444447","fe80::5f36:2b4d:83c2:f449","ff02::c","UDP/XML","708","51370  >  3702 Len=656"
"36","9.444462","::1","ff02::c","UDP/XML","708","51370  >  3702 Len=656"
"37","9.817228","192.168.3.126","239.255.255.250","UDP/XML","688","51369  >  3702 Len=656"
"38","9.817344","192.168.56.1","239.255.255.250","UDP/XML","688","51369  >  3702 Len=656"
"39","9.817419","127.0.0.1","239.255.255.250","UDP/XML","688","51369  >  3702 Len=656"
"40","11.451480","fe80::3010:6275:62a1:7b7b","ff02::c","UDP/XML","708","51370  >  3702 Len=656"
"41","11.451576","fe80::5f36:2b4d:83c2:f449","ff02::c","UDP/XML","708","51370  >  3702 Len=656"
"42","11.451608","::1","ff02::c","UDP/XML","708","51370  >  3702 Len=656"
"43","11.826175","192.168.3.126","239.255.255.250","UDP/XML","688","51369  >  3702 Len=656"
"44","11.826237","192.168.56.1","239.255.255.250","UDP/XML","688","51369  >  3702 Len=656"
"45","11.826253","127.0.0.1","239.255.255.250","UDP/XML","688","51369  >  3702 Len=656"
"46","12.893965","fe80::5f36:2b4d:83c2:f449","fe80::5f36:2b4d:83c2:f449","TNS","562","Request, Data (6), unknown"
"47","12.893986","fe80::5f36:2b4d:83c2:f449","fe80::5f36:2b4d:83c2:f449","TCP","64","1521  >  49711 [ACK] Seq=1 Ack=499 Win=8244 Len=0"
"48","12.894074","fe80::5f36:2b4d:83c2:f449","fe80::5f36:2b4d:83c2:f449","TNS","294","Response, Data (6), unknown"
"49","12.894084","fe80::5f36:2b4d:83c2:f449","fe80::5f36:2b4d:83c2:f449","TCP","64","49711  >  1521 [ACK] Seq=499 Ack=231 Win=8372 Len=0"
"50","13.452407","fe80::3010:6275:62a1:7b7b","ff02::c","UDP/XML","708","51370  >  3702 Len=656"
"51","13.452516","fe80::5f36:2b4d:83c2:f449","ff02::c","UDP/XML","708","51370  >  3702 Len=656"
"52","13.452550","::1","ff02::c","UDP/XML","708","51370  >  3702 Len=656"
"53","15.006350","::1","::1","UDP","84","51360  >  51360 Len=32"
"54","15.039976","::1","::1","UDP","76","51360  >  51360 Len=24"
"55","15.042119","::1","::1","UDP","84","51360  >  51360 Len=32"
"56","15.053648","::1","::1","UDP","988","51360  >  51360 Len=936"
"57","15.053666","::1","::1","UDP","428","51360  >  51360 Len=376"
"58","15.053672","::1","::1","UDP","540","51360  >  51360 Len=488"
"59","25.579209","::1","::1","UDP","140","51360  >  51360 Len=88"
"60","30.045898","::1","::1","UDP","84","51360  >  51360 Len=32"
"61","30.080113","::1","::1","UDP","76","51360  >  51360 Len=24"
"62","30.082459","::1","::1","UDP","84","51360  >  51360 Len=32"
"63","30.109093","::1","::1","UDP","988","51360  >  51360 Len=936"
"64","30.109109","::1","::1","UDP","428","51360  >  51360 Len=376"
"65","30.109114","::1","::1","UDP","540","51360  >  51360 Len=488"
"66","44.904410","::1","::1","UDP","84","51360  >  51360 Len=32"
"67","44.940277","::1","::1","UDP","76","51360  >  51360 Len=24"
"68","44.943108","::1","::1","UDP","84","51360  >  51360 Len=32"
"69","44.968240","::1","::1","UDP","988","51360  >  51360 Len=936"
"70","44.968259","::1","::1","UDP","428","51360  >  51360 Len=376"
"71","44.968265","::1","::1","UDP","540","51360  >  51360 Len=488"
"72","60.004670","::1","::1","UDP","84","51360  >  51360 Len=32"
"73","60.036408","::1","::1","UDP","76","51360  >  51360 Len=24"
"74","60.038858","::1","::1","UDP","84","51360  >  51360 Len=32"
"75","60.064883","::1","::1","UDP","988","51360  >  51360 Len=936"
"76","60.064902","::1","::1","UDP","428","51360  >  51360 Len=376"
"77","60.064911","::1","::1","UDP","540","51360  >  51360 Len=488"
"78","60.900559","::1","::1","TCP","69","56399  >  3000 [PSH, ACK] Seq=1 Ack=1 Win=1271 Len=5"
"79","60.900579","::1","::1","TCP","64","3000  >  56399 [ACK] Seq=1 Ack=6 Win=8437 Len=0"
"80","60.900733","::1","::1","TCP","75","3000  >  56399 [PSH, ACK] Seq=1 Ack=6 Win=8437 Len=11"
"81","60.900745","::1","::1","TCP","64","56399  >  3000 [ACK] Seq=6 Ack=12 Win=1271 Len=0"
"82","60.900809","::1","::1","TCP","69","56400  >  3000 [PSH, ACK] Seq=1 Ack=1 Win=1272 Len=5"
"83","60.900821","::1","::1","TCP","64","3000  >  56400 [ACK] Seq=1 Ack=6 Win=8437 Len=0"
"84","60.900880","::1","::1","TCP","75","3000  >  56400 [PSH, ACK] Seq=1 Ack=6 Win=8437 Len=11"
"85","60.900891","::1","::1","TCP","64","56400  >  3000 [ACK] Seq=6 Ack=12 Win=1272 Len=0"
"86","74.904436","::1","::1","TCP","76","58994  >  8081 [SYN] Seq=0 Win=65535 Len=0 MSS=65475 WS=256 SACK_PERM"
"87","74.904482","::1","::1","TCP","76","8081  >  58994 [SYN, ACK] Seq=0 Ack=1 Win=65535 Len=0 MSS=65475 WS=256 SACK_PERM"
"88","74.904503","::1","::1","TCP","64","58994  >  8081 [ACK] Seq=1 Ack=1 Win=327168 Len=0"
"89","74.916815","::1","::1","TCP","76","58995  >  8081 [SYN] Seq=0 Win=65535 Len=0 MSS=65475 WS=256 SACK_PERM"
"90","74.916854","::1","::1","TCP","76","8081  >  58995 [SYN, ACK] Seq=0 Ack=1 Win=65535 Len=0 MSS=65475 WS=256 SACK_PERM"
"91","74.916876","::1","::1","TCP","64","58995  >  8081 [ACK] Seq=1 Ack=1 Win=327168 Len=0"
"92","74.917166","::1","::1","TCP","1001","58994  >  8081 [PSH, ACK] Seq=1 Ack=1 Win=327168 Len=937 [TCP PDU reassembled in 94]"
"93","74.917194","::1","::1","TCP","64","8081  >  58994 [ACK] Seq=1 Ack=938 Win=2159616 Len=0"
"94","74.917213","::1","::1","HTTP","132","POST /BaseUniversidad/index.php HTTP/1.1  (application/x-www-form-urlencoded)"
"95","74.917219","::1","::1","TCP","64","8081  >  58994 [ACK] Seq=1 Ack=1006 Win=2159616 Len=0"
"96","74.919167","::1","::1","TCP","76","58996  >  3000 [SYN] Seq=0 Win=65535 Len=0 MSS=65475 WS=256 SACK_PERM"
"97","74.919204","::1","::1","TCP","76","3000  >  58996 [SYN, ACK] Seq=0 Ack=1 Win=65535 Len=0 MSS=65475 WS=256 SACK_PERM"
"98","74.919223","::1","::1","TCP","64","58996  >  3000 [ACK] Seq=1 Ack=1 Win=327168 Len=0"
"99","74.919459","::1","::1","TCP","157","3000  >  58996 [PSH, ACK] Seq=1 Ack=1 Win=2160640 Len=93"
"100","74.919479","::1","::1","TCP","64","58996  >  3000 [ACK] Seq=1 Ack=94 Win=327168 Len=0"
"101","74.919538","::1","::1","TCP","189","58996  >  3000 [PSH, ACK] Seq=1 Ack=94 Win=327168 Len=125"
"102","74.919553","::1","::1","TCP","64","3000  >  58996 [ACK] Seq=94 Ack=126 Win=2160384 Len=0"
"103","74.919637","::1","::1","TCP","75","3000  >  58996 [PSH, ACK] Seq=94 Ack=126 Win=2160384 Len=11"
"104","74.919656","::1","::1","TCP","64","58996  >  3000 [ACK] Seq=126 Ack=105 Win=327168 Len=0"
"105","74.919731","::1","::1","TCP","152","58996  >  3000 [PSH, ACK] Seq=126 Ack=105 Win=327168 Len=88"
"106","74.919743","::1","::1","TCP","64","3000  >  58996 [ACK] Seq=105 Ack=214 Win=2160384 Len=0"
"107","74.919992","::1","::1","TCP","492","3000  >  58996 [PSH, ACK] Seq=105 Ack=214 Win=2160384 Len=428"
"108","74.920000","::1","::1","TCP","64","58996  >  3000 [ACK] Seq=214 Ack=533 Win=326656 Len=0"
"109","74.920325","::1","::1","TCP","69","58996  >  3000 [PSH, ACK] Seq=214 Ack=533 Win=326656 Len=5"
"110","74.920339","::1","::1","TCP","64","3000  >  58996 [ACK] Seq=533 Ack=219 Win=2160384 Len=0"
"111","74.920359","::1","::1","TCP","64","58996  >  3000 [FIN, ACK] Seq=219 Ack=533 Win=326656 Len=0"
"112","74.920361","::1","::1","TCP","64","3000  >  58996 [FIN, ACK] Seq=533 Ack=219 Win=2160384 Len=0"
"113","74.920367","::1","::1","TCP","64","58996  >  3000 [ACK] Seq=220 Ack=534 Win=326656 Len=0"
"114","74.920593","::1","::1","HTTP","1213","HTTP/1.1 302 Found  (text/html)"
"115","74.920611","::1","::1","TCP","64","58994  >  8081 [ACK] Seq=1006 Ack=1150 Win=326144 Len=0"
"116","74.923466","::1","::1","HTTP","902","GET /BaseUniversidad/alumnos.php HTTP/1.1 "
"117","74.923487","::1","::1","TCP","64","8081  >  58994 [ACK] Seq=1150 Ack=1844 Win=2158592 Len=0"
"118","74.924983","::1","::1","TCP","76","58997  >  3000 [SYN] Seq=0 Win=65535 Len=0 MSS=65475 WS=256 SACK_PERM"
"119","74.925009","::1","::1","TCP","76","3000  >  58997 [SYN, ACK] Seq=0 Ack=1 Win=65535 Len=0 MSS=65475 WS=256 SACK_PERM"
"120","74.925023","::1","::1","TCP","64","58997  >  3000 [ACK] Seq=1 Ack=1 Win=2160640 Len=0"
"121","74.925154","::1","::1","TCP","157","3000  >  58997 [PSH, ACK] Seq=1 Ack=1 Win=2160640 Len=93"
"122","74.925162","::1","::1","TCP","64","58997  >  3000 [ACK] Seq=1 Ack=94 Win=2160384 Len=0"
"123","74.942951","::1","::1","TCP","189","58997  >  3000 [PSH, ACK] Seq=1 Ack=94 Win=2160384 Len=125"
"124","74.942976","::1","::1","TCP","64","3000  >  58997 [ACK] Seq=94 Ack=126 Win=2160384 Len=0"
"125","74.943154","::1","::1","TCP","75","3000  >  58997 [PSH, ACK] Seq=94 Ack=126 Win=2160384 Len=11"
"126","74.943169","::1","::1","TCP","64","58997  >  3000 [ACK] Seq=126 Ack=105 Win=2160384 Len=0"
"127","74.943270","::1","::1","TCP","90","58997  >  3000 [PSH, ACK] Seq=126 Ack=105 Win=2160384 Len=26"
"128","74.943282","::1","::1","TCP","64","3000  >  58997 [ACK] Seq=105 Ack=152 Win=2160384 Len=0"
"129","74.943586","::1","::1","TCP","1149","3000  >  58997 [PSH, ACK] Seq=105 Ack=152 Win=2160384 Len=1085"
"130","74.943600","::1","::1","TCP","64","58997  >  3000 [ACK] Seq=152 Ack=1190 Win=2159360 Len=0"
"131","74.943903","::1","::1","TCP","69","58997  >  3000 [PSH, ACK] Seq=152 Ack=1190 Win=2159360 Len=5"
"132","74.943914","::1","::1","TCP","64","3000  >  58997 [ACK] Seq=1190 Ack=157 Win=2160384 Len=0"
"133","74.943932","::1","::1","TCP","64","58997  >  3000 [FIN, ACK] Seq=157 Ack=1190 Win=2159360 Len=0"
"134","74.943936","::1","::1","TCP","64","3000  >  58997 [ACK] Seq=1190 Ack=158 Win=2160384 Len=0"
"135","74.943999","::1","::1","TCP","64","3000  >  58997 [FIN, ACK] Seq=1190 Ack=158 Win=2160384 Len=0"
"136","74.944017","::1","::1","TCP","64","58997  >  3000 [ACK] Seq=158 Ack=1191 Win=2159360 Len=0"
"137","74.944221","::1","::1","HTTP","4603","HTTP/1.1 200 OK  (text/html)"
"138","74.944232","::1","::1","TCP","64","58994  >  8081 [ACK] Seq=1844 Ack=5689 Win=321536 Len=0"
"139","74.961620","::1","::1","HTTP","792","GET /BaseUniversidad/styles.css HTTP/1.1 "
"140","74.961666","::1","::1","TCP","64","8081  >  58994 [ACK] Seq=5689 Ack=2572 Win=2158080 Len=0"
"141","74.962635","::1","::1","HTTP","336","HTTP/1.1 304 Not Modified "
"142","74.962651","::1","::1","TCP","64","58994  >  8081 [ACK] Seq=2572 Ack=5961 Win=321280 Len=0"
"143","75.008715","::1","::1","UDP","84","51360  >  51360 Len=32"
"144","75.063487","::1","::1","UDP","76","51360  >  51360 Len=24"
"145","75.066404","::1","::1","UDP","84","51360  >  51360 Len=32"
"146","75.087174","::1","::1","UDP","988","51360  >  51360 Len=936"
"147","75.087195","::1","::1","UDP","428","51360  >  51360 Len=376"
"148","75.087201","::1","::1","UDP","540","51360  >  51360 Len=488"
"149","75.226891","::1","::1","TCP","64","[TCP Retransmission] 58996  >  3000 [FIN, ACK] Seq=219 Ack=534 Win=326656 Len=0"
"150","75.226904","::1","::1","TCP","64","[TCP ZeroWindow] 3000  >  58996 [ACK] Seq=534 Ack=220 Win=0 Len=0"
"151","79.963730","::1","::1","TCP","64","8081  >  58994 [FIN, ACK] Seq=5961 Ack=2572 Win=2158080 Len=0"
"152","79.963745","::1","::1","TCP","64","58994  >  8081 [ACK] Seq=2572 Ack=5962 Win=321280 Len=0"
"153","82.056091","fe80::5f36:2b4d:83c2:f449","fe80::5f36:2b4d:83c2:f449","TNS","634","Request, Data (6), unknown"
"154","82.056156","fe80::5f36:2b4d:83c2:f449","fe80::5f36:2b4d:83c2:f449","TCP","64","1521  >  49711 [ACK] Seq=231 Ack=1069 Win=8242 Len=0"
"155","82.056235","fe80::5f36:2b4d:83c2:f449","fe80::5f36:2b4d:83c2:f449","TNS","366","Response, Data (6), unknown"
"156","82.056246","fe80::5f36:2b4d:83c2:f449","fe80::5f36:2b4d:83c2:f449","TCP","64","49711  >  1521 [ACK] Seq=1069 Ack=533 Win=8370 Len=0"
"157","90.046186","::1","::1","UDP","84","51360  >  51360 Len=32"
"158","90.096188","::1","::1","UDP","76","51360  >  51360 Len=24"
"159","90.099954","::1","::1","UDP","84","51360  >  51360 Len=32"
"160","90.102636","::1","::1","TCP","64","58994  >  8081 [FIN, ACK] Seq=2572 Ack=5962 Win=321280 Len=0"
"161","90.102698","::1","::1","TCP","64","8081  >  58994 [ACK] Seq=5962 Ack=2573 Win=2158080 Len=0"
"162","90.111959","::1","::1","UDP","988","51360  >  51360 Len=936"
"163","90.111999","::1","::1","UDP","428","51360  >  51360 Len=376"
"164","90.112009","::1","::1","UDP","540","51360  >  51360 Len=488"
"165","91.010262","::1","::1","TCP","76","58999  >  8081 [SYN] Seq=0 Win=65535 Len=0 MSS=65475 WS=256 SACK_PERM"
"166","91.010307","::1","::1","TCP","76","8081  >  58999 [SYN, ACK] Seq=0 Ack=1 Win=65535 Len=0 MSS=65475 WS=256 SACK_PERM"
"167","91.010326","::1","::1","TCP","64","58999  >  8081 [ACK] Seq=1 Ack=1 Win=2160640 Len=0"
"168","91.010566","::1","::1","HTTP","877","GET /BaseUniversidad/logout.php HTTP/1.1 "
"169","91.010589","::1","::1","TCP","64","8081  >  58995 [ACK] Seq=1 Ack=814 Win=2159616 Len=0"
"170","91.012315","::1","::1","HTTP","451","HTTP/1.1 302 Found "
"171","91.012334","::1","::1","TCP","64","58995  >  8081 [ACK] Seq=814 Ack=388 Win=326912 Len=0"
"172","91.014928","::1","::1","HTTP","876","GET /BaseUniversidad/index.php HTTP/1.1 "
"173","91.014999","::1","::1","TCP","64","8081  >  58995 [ACK] Seq=388 Ack=1626 Win=2158848 Len=0"
"174","91.016379","::1","::1","HTTP","1186","HTTP/1.1 200 OK  (text/html)"
"175","91.016394","::1","::1","TCP","64","58995  >  8081 [ACK] Seq=1626 Ack=1510 Win=325632 Len=0"
"176","92.748993","::1","::1","TCP","1001","58995  >  8081 [PSH, ACK] Seq=1626 Ack=1510 Win=325632 Len=937 [TCP PDU reassembled in 178]"
"177","92.749022","::1","::1","TCP","64","8081  >  58995 [ACK] Seq=1510 Ack=2563 Win=2158080 Len=0"
"178","92.749038","::1","::1","HTTP","132","POST /BaseUniversidad/index.php HTTP/1.1  (application/x-www-form-urlencoded)"
"179","92.749044","::1","::1","TCP","64","8081  >  58995 [ACK] Seq=1510 Ack=2631 Win=2157824 Len=0"
"180","92.750570","::1","::1","TCP","76","59000  >  3000 [SYN] Seq=0 Win=65535 Len=0 MSS=65475 WS=256 SACK_PERM"
"181","92.750600","::1","::1","TCP","76","3000  >  59000 [SYN, ACK] Seq=0 Ack=1 Win=65535 Len=0 MSS=65475 WS=256 SACK_PERM"
"182","92.750616","::1","::1","TCP","64","59000  >  3000 [ACK] Seq=1 Ack=1 Win=2160640 Len=0"
"183","92.750822","::1","::1","TCP","157","3000  >  59000 [PSH, ACK] Seq=1 Ack=1 Win=2160640 Len=93"
"184","92.750835","::1","::1","TCP","64","59000  >  3000 [ACK] Seq=1 Ack=94 Win=2160384 Len=0"
"185","92.762278","::1","::1","TCP","189","59000  >  3000 [PSH, ACK] Seq=1 Ack=94 Win=2160384 Len=125"
"186","92.762307","::1","::1","TCP","64","3000  >  59000 [ACK] Seq=94 Ack=126 Win=2160384 Len=0"
"187","92.762526","::1","::1","TCP","75","3000  >  59000 [PSH, ACK] Seq=94 Ack=126 Win=2160384 Len=11"
"188","92.762572","::1","::1","TCP","64","59000  >  3000 [ACK] Seq=126 Ack=105 Win=2160384 Len=0"
"189","92.762610","::1","::1","TCP","152","59000  >  3000 [PSH, ACK] Seq=126 Ack=105 Win=2160384 Len=88"
"190","92.762623","::1","::1","TCP","64","3000  >  59000 [ACK] Seq=105 Ack=214 Win=2160384 Len=0"
"191","92.762883","::1","::1","TCP","492","3000  >  59000 [PSH, ACK] Seq=105 Ack=214 Win=2160384 Len=428"
"192","92.762900","::1","::1","TCP","64","59000  >  3000 [ACK] Seq=214 Ack=533 Win=2160128 Len=0"
"193","92.763183","::1","::1","TCP","69","59000  >  3000 [PSH, ACK] Seq=214 Ack=533 Win=2160128 Len=5"
"194","92.763194","::1","::1","TCP","64","3000  >  59000 [ACK] Seq=533 Ack=219 Win=2160384 Len=0"
"195","92.763208","::1","::1","TCP","64","59000  >  3000 [FIN, ACK] Seq=219 Ack=533 Win=2160128 Len=0"
"196","92.763212","::1","::1","TCP","64","3000  >  59000 [ACK] Seq=533 Ack=220 Win=2160384 Len=0"
"197","92.763303","::1","::1","TCP","64","3000  >  59000 [FIN, ACK] Seq=533 Ack=220 Win=2160384 Len=0"
"198","92.763322","::1","::1","TCP","64","59000  >  3000 [ACK] Seq=220 Ack=534 Win=2160128 Len=0"
"199","92.763485","::1","::1","HTTP","1212","HTTP/1.1 302 Found  (text/html)"
"200","92.763516","::1","::1","TCP","64","58995  >  8081 [ACK] Seq=2631 Ack=2658 Win=324608 Len=0"
"201","92.765155","::1","::1","HTTP","902","GET /BaseUniversidad/alumnos.php HTTP/1.1 "
"202","92.765174","::1","::1","TCP","64","8081  >  58995 [ACK] Seq=2658 Ack=3469 Win=2157056 Len=0"
"203","92.766671","::1","::1","TCP","76","59001  >  3000 [SYN] Seq=0 Win=65535 Len=0 MSS=65475 WS=256 SACK_PERM"
"204","92.766703","::1","::1","TCP","76","3000  >  59001 [SYN, ACK] Seq=0 Ack=1 Win=65535 Len=0 MSS=65475 WS=256 SACK_PERM"
"205","92.766717","::1","::1","TCP","64","59001  >  3000 [ACK] Seq=1 Ack=1 Win=2160640 Len=0"
"206","92.766873","::1","::1","TCP","157","3000  >  59001 [PSH, ACK] Seq=1 Ack=1 Win=2160640 Len=93"
"207","92.766883","::1","::1","TCP","64","59001  >  3000 [ACK] Seq=1 Ack=94 Win=2160384 Len=0"
"208","92.778118","::1","::1","TCP","189","59001  >  3000 [PSH, ACK] Seq=1 Ack=94 Win=2160384 Len=125"
"209","92.778144","::1","::1","TCP","64","3000  >  59001 [ACK] Seq=94 Ack=126 Win=2160384 Len=0"
"210","92.778274","::1","::1","TCP","75","3000  >  59001 [PSH, ACK] Seq=94 Ack=126 Win=2160384 Len=11"
"211","92.778287","::1","::1","TCP","64","59001  >  3000 [ACK] Seq=126 Ack=105 Win=2160384 Len=0"
"212","92.778431","::1","::1","TCP","90","59001  >  3000 [PSH, ACK] Seq=126 Ack=105 Win=2160384 Len=26"
"213","92.778443","::1","::1","TCP","64","3000  >  59001 [ACK] Seq=105 Ack=152 Win=2160384 Len=0"
"214","92.778660","::1","::1","TCP","1149","3000  >  59001 [PSH, ACK] Seq=105 Ack=152 Win=2160384 Len=1085"
"215","92.778672","::1","::1","TCP","64","59001  >  3000 [ACK] Seq=152 Ack=1190 Win=2159360 Len=0"
"216","92.778919","::1","::1","TCP","69","59001  >  3000 [PSH, ACK] Seq=152 Ack=1190 Win=2159360 Len=5"
"217","92.778929","::1","::1","TCP","64","3000  >  59001 [ACK] Seq=1190 Ack=157 Win=2160384 Len=0"
"218","92.778942","::1","::1","TCP","64","59001  >  3000 [FIN, ACK] Seq=157 Ack=1190 Win=2159360 Len=0"
"219","92.778946","::1","::1","TCP","64","3000  >  59001 [ACK] Seq=1190 Ack=158 Win=2160384 Len=0"
"220","92.779000","::1","::1","TCP","64","3000  >  59001 [FIN, ACK] Seq=1190 Ack=158 Win=2160384 Len=0"
"221","92.779017","::1","::1","TCP","64","59001  >  3000 [ACK] Seq=158 Ack=1191 Win=2159360 Len=0"
"222","92.779149","::1","::1","HTTP","4603","HTTP/1.1 200 OK  (text/html)"
"223","92.779162","::1","::1","TCP","64","58995  >  8081 [ACK] Seq=3469 Ack=7197 Win=320000 Len=0"
"224","97.793508","::1","::1","TCP","64","8081  >  58995 [FIN, ACK] Seq=7197 Ack=3469 Win=2157056 Len=0"
"225","97.793525","::1","::1","TCP","64","58995  >  8081 [ACK] Seq=3469 Ack=7198 Win=320000 Len=0"
"226","104.915883","::1","::1","UDP","84","51360  >  51360 Len=32"
"227","104.956805","::1","::1","UDP","76","51360  >  51360 Len=24"
"228","104.960181","::1","::1","UDP","84","51360  >  51360 Len=32"
"229","104.965154","::1","::1","UDP","988","51360  >  51360 Len=936"
"230","104.965173","::1","::1","UDP","428","51360  >  51360 Len=376"
"231","104.965178","::1","::1","UDP","540","51360  >  51360 Len=488"
"232","120.007521","::1","::1","UDP","84","51360  >  51360 Len=32"
"233","120.040725","::1","::1","UDP","76","51360  >  51360 Len=24"
"234","120.043473","::1","::1","UDP","84","51360  >  51360 Len=32"
"235","120.069702","::1","::1","UDP","988","51360  >  51360 Len=936"
"236","120.069721","::1","::1","UDP","428","51360  >  51360 Len=376"
"237","120.069727","::1","::1","UDP","540","51360  >  51360 Len=488"
"238","135.015688","::1","::1","UDP","84","51360  >  51360 Len=32"
"239","135.055093","::1","::1","UDP","76","51360  >  51360 Len=24"
"240","135.057683","::1","::1","UDP","84","51360  >  51360 Len=32"
"241","135.063715","::1","::1","UDP","988","51360  >  51360 Len=936"
"242","135.063739","::1","::1","UDP","428","51360  >  51360 Len=376"
"243","135.063747","::1","::1","UDP","540","51360  >  51360 Len=488"
"244","136.019788","::1","::1","TCP","65","[TCP Keep-Alive] 58999  >  8081 [ACK] Seq=0 Ack=1 Win=2160640 Len=1"
"245","136.019801","::1","::1","TCP","76","[TCP Dup ACK 166#1] 8081  >  58999 [ACK] Seq=1 Ack=1 Win=2160640 Len=0 SLE=0 SRE=1"
"246","142.795177","::1","::1","TCP","65","[TCP Keep-Alive] 58995  >  8081 [ACK] Seq=3468 Ack=7198 Win=320000 Len=1"
"247","142.795193","::1","::1","TCP","76","[TCP Keep-Alive ACK] 8081  >  58995 [ACK] Seq=7198 Ack=3469 Win=2157056 Len=0 SLE=3468 SRE=3469"
"248","143.334462","::1","::1","TCP","64","58995  >  8081 [FIN, ACK] Seq=3469 Ack=7198 Win=320000 Len=0"
"249","143.334501","::1","::1","TCP","64","8081  >  58995 [ACK] Seq=7198 Ack=3470 Win=2157056 Len=0"
"250","143.417214","::1","::1","TCP","76","59007  >  8081 [SYN] Seq=0 Win=65535 Len=0 MSS=65475 WS=256 SACK_PERM"
"251","143.417255","::1","::1","TCP","76","8081  >  59007 [SYN, ACK] Seq=0 Ack=1 Win=65535 Len=0 MSS=65475 WS=256 SACK_PERM"
"252","143.417272","::1","::1","TCP","64","59007  >  8081 [ACK] Seq=1 Ack=1 Win=2160640 Len=0"
"253","143.417521","::1","::1","HTTP","877","GET /BaseUniversidad/logout.php HTTP/1.1 "
"254","143.417549","::1","::1","TCP","64","8081  >  58999 [ACK] Seq=1 Ack=814 Win=2159616 Len=0"
"255","143.418989","::1","::1","HTTP","451","HTTP/1.1 302 Found "
"256","143.419011","::1","::1","TCP","64","58999  >  8081 [ACK] Seq=814 Ack=388 Win=2160128 Len=0"
"257","143.421438","::1","::1","HTTP","876","GET /BaseUniversidad/index.php HTTP/1.1 "
"258","143.421467","::1","::1","TCP","64","8081  >  58999 [ACK] Seq=388 Ack=1626 Win=2158848 Len=0"
"259","143.422718","::1","::1","HTTP","1186","HTTP/1.1 200 OK  (text/html)"
"260","143.422741","::1","::1","TCP","64","58999  >  8081 [ACK] Seq=1626 Ack=1510 Win=2159104 Len=0"
"261","148.430344","::1","::1","TCP","64","8081  >  58999 [FIN, ACK] Seq=1510 Ack=1626 Win=2158848 Len=0"
"262","148.430366","::1","::1","TCP","64","58999  >  8081 [ACK] Seq=1626 Ack=1511 Win=2159104 Len=0"
"263","150.048044","::1","::1","UDP","84","51360  >  51360 Len=32"
"264","150.083668","::1","::1","UDP","76","51360  >  51360 Len=24"
"265","150.085994","::1","::1","UDP","84","51360  >  51360 Len=32"
"266","150.096384","::1","::1","UDP","988","51360  >  51360 Len=936"
"267","150.096418","::1","::1","UDP","428","51360  >  51360 Len=376"
"268","150.096424","::1","::1","UDP","540","51360  >  51360 Len=488"
"269","164.928778","::1","::1","UDP","84","51360  >  51360 Len=32"
"270","164.962958","::1","::1","UDP","76","51360  >  51360 Len=24"
"271","164.965064","::1","::1","UDP","84","51360  >  51360 Len=32"
"272","164.976316","::1","::1","UDP","988","51360  >  51360 Len=936"
"273","164.976333","::1","::1","UDP","428","51360  >  51360 Len=376"
"274","164.976339","::1","::1","UDP","540","51360  >  51360 Len=488"
"275","180.017542","::1","::1","UDP","84","51360  >  51360 Len=32"
"276","180.049863","::1","::1","UDP","76","51360  >  51360 Len=24"
"277","180.051990","::1","::1","UDP","84","51360  >  51360 Len=32"
"278","180.063079","::1","::1","UDP","988","51360  >  51360 Len=936"
"279","180.063097","::1","::1","UDP","428","51360  >  51360 Len=376"
"280","180.063103","::1","::1","UDP","540","51360  >  51360 Len=488"
"281","188.425986","::1","::1","TCP","65","[TCP Keep-Alive] 59007  >  8081 [ACK] Seq=0 Ack=1 Win=2160640 Len=1"
"282","188.426009","::1","::1","TCP","76","[TCP Dup ACK 251#1] 8081  >  59007 [ACK] Seq=1 Ack=1 Win=2160640 Len=0 SLE=0 SRE=1"
"283","192.441043","::1","::1","TCP","64","58999  >  8081 [FIN, ACK] Seq=1626 Ack=1511 Win=2159104 Len=0"
"284","192.441070","::1","::1","TCP","64","8081  >  58999 [ACK] Seq=1511 Ack=1627 Win=2158848 Len=0"
"285","195.025417","::1","::1","UDP","84","51360  >  51360 Len=32"
"286","195.063335","::1","::1","UDP","76","51360  >  51360 Len=24"
"287","195.065922","::1","::1","UDP","84","51360  >  51360 Len=32"
"288","195.073593","::1","::1","UDP","988","51360  >  51360 Len=936"
"289","195.073612","::1","::1","UDP","428","51360  >  51360 Len=376"
"290","195.073620","::1","::1","UDP","540","51360  >  51360 Len=488"
"291","210.053099","::1","::1","UDP","84","51360  >  51360 Len=32"
"292","210.088311","::1","::1","UDP","76","51360  >  51360 Len=24"
"293","210.090604","::1","::1","UDP","84","51360  >  51360 Len=32"
"294","210.100653","::1","::1","UDP","988","51360  >  51360 Len=936"
"295","210.100674","::1","::1","UDP","428","51360  >  51360 Len=376"
"296","210.100681","::1","::1","UDP","540","51360  >  51360 Len=488"
"297","224.930227","::1","::1","UDP","84","51360  >  51360 Len=32"
"298","224.967478","::1","::1","UDP","76","51360  >  51360 Len=24"
"299","224.969765","::1","::1","UDP","84","51360  >  51360 Len=32"
"300","224.995000","::1","::1","UDP","988","51360  >  51360 Len=936"
"301","224.995031","::1","::1","UDP","428","51360  >  51360 Len=376"
"302","224.995040","::1","::1","UDP","540","51360  >  51360 Len=488"
"303","233.435165","::1","::1","TCP","65","[TCP Keep-Alive] 59007  >  8081 [ACK] Seq=0 Ack=1 Win=2160640 Len=1"
"304","233.435184","::1","::1","TCP","76","[TCP Keep-Alive ACK] 8081  >  59007 [ACK] Seq=1 Ack=1 Win=2160640 Len=0 SLE=0 SRE=1"
"305","240.020214","::1","::1","UDP","84","51360  >  51360 Len=32"
"306","240.053007","::1","::1","UDP","76","51360  >  51360 Len=24"
"307","240.055200","::1","::1","UDP","84","51360  >  51360 Len=32"
"308","240.081381","::1","::1","UDP","988","51360  >  51360 Len=936"
"309","240.081398","::1","::1","UDP","428","51360  >  51360 Len=376"
"310","240.081403","::1","::1","UDP","540","51360  >  51360 Len=488"
"311","252.071678","::1","::1","TCP","64","59007  >  8081 [FIN, ACK] Seq=1 Ack=1 Win=2160640 Len=0"
"312","252.071696","::1","::1","TCP","64","8081  >  59007 [ACK] Seq=1 Ack=2 Win=2160640 Len=0"
"313","252.071736","::1","::1","TCP","64","8081  >  59007 [FIN, ACK] Seq=1 Ack=2 Win=2160640 Len=0"
"314","252.071754","::1","::1","TCP","64","59007  >  8081 [ACK] Seq=2 Ack=2 Win=2160640 Len=0"
"315","255.029758","::1","::1","UDP","84","51360  >  51360 Len=32"
"316","255.073313","::1","::1","UDP","76","51360  >  51360 Len=24"
"317","255.075432","::1","::1","UDP","84","51360  >  51360 Len=32"
"318","255.087046","::1","::1","UDP","988","51360  >  51360 Len=936"
"319","255.087079","::1","::1","UDP","428","51360  >  51360 Len=376"
"320","255.087088","::1","::1","UDP","540","51360  >  51360 Len=488"
"321","270.059577","::1","::1","UDP","84","51360  >  51360 Len=32"
"322","270.089948","::1","::1","UDP","76","51360  >  51360 Len=24"
"323","270.093100","::1","::1","UDP","84","51360  >  51360 Len=32"
"324","270.103971","::1","::1","UDP","988","51360  >  51360 Len=936"
"325","270.104003","::1","::1","UDP","428","51360  >  51360 Len=376"
"326","270.104011","::1","::1","UDP","540","51360  >  51360 Len=488"
"327","284.931117","::1","::1","UDP","84","51360  >  51360 Len=32"
"328","284.967181","::1","::1","UDP","76","51360  >  51360 Len=24"
"329","284.969543","::1","::1","UDP","84","51360  >  51360 Len=32"
"330","284.997803","::1","::1","UDP","988","51360  >  51360 Len=936"
"331","284.997831","::1","::1","UDP","428","51360  >  51360 Len=376"
"332","284.997840","::1","::1","UDP","540","51360  >  51360 Len=488"
"333","295.795634","::1","::1","TCP","76","59114  >  8081 [SYN] Seq=0 Win=65535 Len=0 MSS=65475 WS=256 SACK_PERM"
"334","295.795673","::1","::1","TCP","76","8081  >  59114 [SYN, ACK] Seq=0 Ack=1 Win=65535 Len=0 MSS=65475 WS=256 SACK_PERM"
"335","295.795695","::1","::1","TCP","64","59114  >  8081 [ACK] Seq=1 Ack=1 Win=327168 Len=0"
"336","295.807072","::1","::1","TCP","76","59115  >  8081 [SYN] Seq=0 Win=65535 Len=0 MSS=65475 WS=256 SACK_PERM"
"337","295.807114","::1","::1","TCP","76","8081  >  59115 [SYN, ACK] Seq=0 Ack=1 Win=65535 Len=0 MSS=65475 WS=256 SACK_PERM"
"338","295.807135","::1","::1","TCP","64","59115  >  8081 [ACK] Seq=1 Ack=1 Win=327168 Len=0"
"339","295.807448","::1","::1","TCP","1001","59114  >  8081 [PSH, ACK] Seq=1 Ack=1 Win=327168 Len=937 [TCP PDU reassembled in 341]"
"340","295.807476","::1","::1","TCP","64","8081  >  59114 [ACK] Seq=1 Ack=938 Win=2159616 Len=0"
"341","295.807496","::1","::1","HTTP","102","POST /BaseUniversidad/index.php HTTP/1.1  (application/x-www-form-urlencoded)"
"342","295.807501","::1","::1","TCP","64","8081  >  59114 [ACK] Seq=1 Ack=976 Win=2159616 Len=0"
"343","295.809244","::1","::1","TCP","76","59116  >  3000 [SYN] Seq=0 Win=65535 Len=0 MSS=65475 WS=256 SACK_PERM"
"344","295.809274","::1","::1","TCP","76","3000  >  59116 [SYN, ACK] Seq=0 Ack=1 Win=65535 Len=0 MSS=65475 WS=256 SACK_PERM"
"345","295.809289","::1","::1","TCP","64","59116  >  3000 [ACK] Seq=1 Ack=1 Win=327168 Len=0"
"346","295.809484","::1","::1","TCP","157","3000  >  59116 [PSH, ACK] Seq=1 Ack=1 Win=2160640 Len=93"
"347","295.809496","::1","::1","TCP","64","59116  >  3000 [ACK] Seq=1 Ack=94 Win=327168 Len=0"
"348","295.833067","::1","::1","TCP","189","59116  >  3000 [PSH, ACK] Seq=1 Ack=94 Win=327168 Len=125"
"349","295.833093","::1","::1","TCP","64","3000  >  59116 [ACK] Seq=94 Ack=126 Win=2160384 Len=0"
"350","295.833188","::1","::1","TCP","75","3000  >  59116 [PSH, ACK] Seq=94 Ack=126 Win=2160384 Len=11"
"351","295.833201","::1","::1","TCP","64","59116  >  3000 [ACK] Seq=126 Ack=105 Win=327168 Len=0"
"352","295.833273","::1","::1","TCP","142","59116  >  3000 [PSH, ACK] Seq=126 Ack=105 Win=327168 Len=78"
"353","295.833286","::1","::1","TCP","64","3000  >  59116 [ACK] Seq=105 Ack=204 Win=2160384 Len=0"
"354","295.833553","::1","::1","TCP","392","3000  >  59116 [PSH, ACK] Seq=105 Ack=204 Win=2160384 Len=328"
"355","295.833567","::1","::1","TCP","64","59116  >  3000 [ACK] Seq=204 Ack=433 Win=326912 Len=0"
"356","295.833906","::1","::1","TCP","69","59116  >  3000 [PSH, ACK] Seq=204 Ack=433 Win=326912 Len=5"
"357","295.833923","::1","::1","TCP","64","3000  >  59116 [ACK] Seq=433 Ack=209 Win=2160384 Len=0"
"358","295.833940","::1","::1","TCP","64","59116  >  3000 [FIN, ACK] Seq=209 Ack=433 Win=326912 Len=0"
"359","295.833945","::1","::1","TCP","64","3000  >  59116 [ACK] Seq=433 Ack=210 Win=2160384 Len=0"
"360","295.834055","::1","::1","TCP","64","3000  >  59116 [FIN, ACK] Seq=433 Ack=210 Win=2160384 Len=0"
"361","295.834084","::1","::1","TCP","64","59116  >  3000 [ACK] Seq=210 Ack=434 Win=326912 Len=0"
"362","295.834266","::1","::1","HTTP","1213","HTTP/1.1 302 Found  (text/html)"
"363","295.834279","::1","::1","TCP","64","59114  >  8081 [ACK] Seq=976 Ack=1150 Win=326144 Len=0"
"364","295.836472","::1","::1","HTTP","902","GET /BaseUniversidad/alumnos.php HTTP/1.1 "
"365","295.836503","::1","::1","TCP","64","8081  >  59114 [ACK] Seq=1150 Ack=1814 Win=2158848 Len=0"
"366","295.837954","::1","::1","TCP","76","59117  >  3000 [SYN] Seq=0 Win=65535 Len=0 MSS=65475 WS=256 SACK_PERM"
"367","295.837980","::1","::1","TCP","76","3000  >  59117 [SYN, ACK] Seq=0 Ack=1 Win=65535 Len=0 MSS=65475 WS=256 SACK_PERM"
"368","295.837993","::1","::1","TCP","64","59117  >  3000 [ACK] Seq=1 Ack=1 Win=2160640 Len=0"
"369","295.838201","::1","::1","TCP","157","3000  >  59117 [PSH, ACK] Seq=1 Ack=1 Win=2160640 Len=93"
"370","295.838220","::1","::1","TCP","64","59117  >  3000 [ACK] Seq=1 Ack=94 Win=2160384 Len=0"
"371","295.849660","::1","::1","TCP","189","59117  >  3000 [PSH, ACK] Seq=1 Ack=94 Win=2160384 Len=125"
"372","295.849672","::1","::1","TCP","64","3000  >  59117 [ACK] Seq=94 Ack=126 Win=2160384 Len=0"
"373","295.849773","::1","::1","TCP","75","3000  >  59117 [PSH, ACK] Seq=94 Ack=126 Win=2160384 Len=11"
"374","295.849798","::1","::1","TCP","64","59117  >  3000 [ACK] Seq=126 Ack=105 Win=2160384 Len=0"
"375","295.849878","::1","::1","TCP","90","59117  >  3000 [PSH, ACK] Seq=126 Ack=105 Win=2160384 Len=26"
"376","295.849891","::1","::1","TCP","64","3000  >  59117 [ACK] Seq=105 Ack=152 Win=2160384 Len=0"
"377","295.850152","::1","::1","TCP","1149","3000  >  59117 [PSH, ACK] Seq=105 Ack=152 Win=2160384 Len=1085"
"378","295.850163","::1","::1","TCP","64","59117  >  3000 [ACK] Seq=152 Ack=1190 Win=2159360 Len=0"
"379","295.850423","::1","::1","TCP","69","59117  >  3000 [PSH, ACK] Seq=152 Ack=1190 Win=2159360 Len=5"
"380","295.850434","::1","::1","TCP","64","3000  >  59117 [ACK] Seq=1190 Ack=157 Win=2160384 Len=0"
"381","295.850446","::1","::1","TCP","64","59117  >  3000 [FIN, ACK] Seq=157 Ack=1190 Win=2159360 Len=0"
"382","295.850451","::1","::1","TCP","64","3000  >  59117 [ACK] Seq=1190 Ack=158 Win=2160384 Len=0"
"383","295.850510","::1","::1","TCP","64","3000  >  59117 [FIN, ACK] Seq=1190 Ack=158 Win=2160384 Len=0"
"384","295.850546","::1","::1","TCP","64","59117  >  3000 [ACK] Seq=158 Ack=1191 Win=2159360 Len=0"
"385","295.850679","::1","::1","HTTP","4597","HTTP/1.1 200 OK  (text/html)"
"386","295.850693","::1","::1","TCP","64","59114  >  8081 [ACK] Seq=1814 Ack=5683 Win=321536 Len=0"
"387","300.128943","::1","::1","UDP","84","51360  >  51360 Len=32"
"388","300.160296","::1","::1","UDP","76","51360  >  51360 Len=24"
"389","300.162420","::1","::1","UDP","84","51360  >  51360 Len=32"
"390","300.174825","::1","::1","UDP","988","51360  >  51360 Len=936"
"391","300.174844","::1","::1","UDP","428","51360  >  51360 Len=376"
"392","300.174850","::1","::1","UDP","540","51360  >  51360 Len=488"
"393","300.858905","::1","::1","TCP","64","8081  >  59114 [FIN, ACK] Seq=5683 Ack=1814 Win=2158848 Len=0"
"394","300.858920","::1","::1","TCP","64","59114  >  8081 [ACK] Seq=1814 Ack=5684 Win=321536 Len=0"
"395","301.720671","fe80::5f36:2b4d:83c2:f449","fe80::5f36:2b4d:83c2:f449","TNS","666","Request, Data (6), unknown"
"396","301.720694","fe80::5f36:2b4d:83c2:f449","fe80::5f36:2b4d:83c2:f449","TCP","64","1521  >  49711 [ACK] Seq=533 Ack=1671 Win=8240 Len=0"
"397","301.720812","fe80::5f36:2b4d:83c2:f449","fe80::5f36:2b4d:83c2:f449","TNS","366","Response, Data (6), unknown"
"398","301.720827","fe80::5f36:2b4d:83c2:f449","fe80::5f36:2b4d:83c2:f449","TCP","64","49711  >  1521 [ACK] Seq=1671 Ack=835 Win=8369 Len=0"
"399","313.742272","fe80::5f36:2b4d:83c2:f449","fe80::5f36:2b4d:83c2:f449","TNS","666","Request, Data (6), unknown"
"400","313.742313","fe80::5f36:2b4d:83c2:f449","fe80::5f36:2b4d:83c2:f449","TCP","64","1521  >  49711 [ACK] Seq=835 Ack=2273 Win=8238 Len=0"
"401","313.742444","fe80::5f36:2b4d:83c2:f449","fe80::5f36:2b4d:83c2:f449","TNS","366","Response, Data (6), unknown"
"402","313.742460","fe80::5f36:2b4d:83c2:f449","fe80::5f36:2b4d:83c2:f449","TCP","64","49711  >  1521 [ACK] Seq=2273 Ack=1137 Win=8368 Len=0"
"403","315.137181","::1","::1","UDP","84","51360  >  51360 Len=32"
"404","315.171758","::1","::1","UDP","76","51360  >  51360 Len=24"
"405","315.173951","::1","::1","UDP","84","51360  >  51360 Len=32"
"406","315.185642","::1","::1","UDP","988","51360  >  51360 Len=936"
"407","315.185666","::1","::1","UDP","428","51360  >  51360 Len=376"
"408","315.185683","::1","::1","UDP","540","51360  >  51360 Len=488"
"409","325.587522","::1","::1","UDP","140","51360  >  51360 Len=88"
"410","330.068873","::1","::1","UDP","84","51360  >  51360 Len=32"
"411","330.105880","::1","::1","UDP","76","51360  >  51360 Len=24"
"412","330.108644","::1","::1","UDP","84","51360  >  51360 Len=32"
"413","330.116751","::1","::1","UDP","988","51360  >  51360 Len=936"
"414","330.116771","::1","::1","UDP","428","51360  >  51360 Len=376"
"415","330.116777","::1","::1","UDP","540","51360  >  51360 Len=488"
"416","333.758012","::1","::1","TCP","64","59114  >  8081 [FIN, ACK] Seq=1814 Ack=5684 Win=321536 Len=0"
"417","333.758046","::1","::1","TCP","64","8081  >  59114 [ACK] Seq=5684 Ack=1815 Win=2158848 Len=0"
"418","333.875734","::1","::1","TCP","76","59118  >  8081 [SYN] Seq=0 Win=65535 Len=0 MSS=65475 WS=256 SACK_PERM"
"419","333.875779","::1","::1","TCP","76","8081  >  59118 [SYN, ACK] Seq=0 Ack=1 Win=65535 Len=0 MSS=65475 WS=256 SACK_PERM"
"420","333.875803","::1","::1","TCP","64","59118  >  8081 [ACK] Seq=1 Ack=1 Win=2160640 Len=0"
"421","333.876274","::1","::1","HTTP","877","GET /BaseUniversidad/logout.php HTTP/1.1 "
"422","333.876300","::1","::1","TCP","64","8081  >  59115 [ACK] Seq=1 Ack=814 Win=2159616 Len=0"
"423","333.877797","::1","::1","HTTP","451","HTTP/1.1 302 Found "
"424","333.877814","::1","::1","TCP","64","59115  >  8081 [ACK] Seq=814 Ack=388 Win=326912 Len=0"
"425","333.882720","::1","::1","HTTP","876","GET /BaseUniversidad/index.php HTTP/1.1 "
"426","333.882782","::1","::1","TCP","64","8081  >  59115 [ACK] Seq=388 Ack=1626 Win=2158848 Len=0"
"427","333.884271","::1","::1","HTTP","1186","HTTP/1.1 200 OK  (text/html)"
"428","333.884295","::1","::1","TCP","64","59115  >  8081 [ACK] Seq=1626 Ack=1510 Win=325632 Len=0"
"429","337.754974","::1","::1","TCP","1001","59115  >  8081 [PSH, ACK] Seq=1626 Ack=1510 Win=325632 Len=937 [TCP PDU reassembled in 431]"
"430","337.755005","::1","::1","TCP","64","8081  >  59115 [ACK] Seq=1510 Ack=2563 Win=2158080 Len=0"
"431","337.755021","::1","::1","HTTP","132","POST /BaseUniversidad/index.php HTTP/1.1  (application/x-www-form-urlencoded)"
"432","337.755025","::1","::1","TCP","64","8081  >  59115 [ACK] Seq=1510 Ack=2631 Win=2157824 Len=0"
"433","337.756688","::1","::1","TCP","76","59119  >  3000 [SYN] Seq=0 Win=65535 Len=0 MSS=65475 WS=256 SACK_PERM"
"434","337.756734","::1","::1","TCP","76","3000  >  59119 [SYN, ACK] Seq=0 Ack=1 Win=65535 Len=0 MSS=65475 WS=256 SACK_PERM"
"435","337.756754","::1","::1","TCP","64","59119  >  3000 [ACK] Seq=1 Ack=1 Win=2160640 Len=0"
"436","337.756927","::1","::1","TCP","157","3000  >  59119 [PSH, ACK] Seq=1 Ack=1 Win=2160640 Len=93"
"437","337.756938","::1","::1","TCP","64","59119  >  3000 [ACK] Seq=1 Ack=94 Win=2160384 Len=0"
"438","337.776134","::1","::1","TCP","189","59119  >  3000 [PSH, ACK] Seq=1 Ack=94 Win=2160384 Len=125"
"439","337.776157","::1","::1","TCP","64","3000  >  59119 [ACK] Seq=94 Ack=126 Win=2160384 Len=0"
"440","337.776259","::1","::1","TCP","75","3000  >  59119 [PSH, ACK] Seq=94 Ack=126 Win=2160384 Len=11"
"441","337.776273","::1","::1","TCP","64","59119  >  3000 [ACK] Seq=126 Ack=105 Win=2160384 Len=0"
"442","337.776360","::1","::1","TCP","152","59119  >  3000 [PSH, ACK] Seq=126 Ack=105 Win=2160384 Len=88"
"443","337.776373","::1","::1","TCP","64","3000  >  59119 [ACK] Seq=105 Ack=214 Win=2160384 Len=0"
"444","337.776582","::1","::1","TCP","492","3000  >  59119 [PSH, ACK] Seq=105 Ack=214 Win=2160384 Len=428"
"445","337.776594","::1","::1","TCP","64","59119  >  3000 [ACK] Seq=214 Ack=533 Win=2160128 Len=0"
"446","337.776836","::1","::1","TCP","69","59119  >  3000 [PSH, ACK] Seq=214 Ack=533 Win=2160128 Len=5"
"447","337.776847","::1","::1","TCP","64","3000  >  59119 [ACK] Seq=533 Ack=219 Win=2160384 Len=0"
"448","337.776860","::1","::1","TCP","64","59119  >  3000 [FIN, ACK] Seq=219 Ack=533 Win=2160128 Len=0"
"449","337.776865","::1","::1","TCP","64","3000  >  59119 [ACK] Seq=533 Ack=220 Win=2160384 Len=0"
"450","337.776918","::1","::1","TCP","64","3000  >  59119 [FIN, ACK] Seq=533 Ack=220 Win=2160384 Len=0"
"451","337.776935","::1","::1","TCP","64","59119  >  3000 [ACK] Seq=220 Ack=534 Win=2160128 Len=0"
"452","337.777064","::1","::1","HTTP","1212","HTTP/1.1 302 Found  (text/html)"
"453","337.777075","::1","::1","TCP","64","59115  >  8081 [ACK] Seq=2631 Ack=2658 Win=324608 Len=0"
"454","337.778696","::1","::1","HTTP","902","GET /BaseUniversidad/alumnos.php HTTP/1.1 "
"455","337.778719","::1","::1","TCP","64","8081  >  59115 [ACK] Seq=2658 Ack=3469 Win=2157056 Len=0"
"456","337.780234","::1","::1","TCP","76","59120  >  3000 [SYN] Seq=0 Win=65535 Len=0 MSS=65475 WS=256 SACK_PERM"
"457","337.780278","::1","::1","TCP","76","3000  >  59120 [SYN, ACK] Seq=0 Ack=1 Win=65535 Len=0 MSS=65475 WS=256 SACK_PERM"
"458","337.780293","::1","::1","TCP","64","59120  >  3000 [ACK] Seq=1 Ack=1 Win=2160640 Len=0"
"459","337.780611","::1","::1","TCP","157","3000  >  59120 [PSH, ACK] Seq=1 Ack=1 Win=2160640 Len=93"
"460","337.780625","::1","::1","TCP","64","59120  >  3000 [ACK] Seq=1 Ack=94 Win=2160384 Len=0"
"461","337.794502","::1","::1","TCP","189","59120  >  3000 [PSH, ACK] Seq=1 Ack=94 Win=2160384 Len=125"
"462","337.794536","::1","::1","TCP","64","3000  >  59120 [ACK] Seq=94 Ack=126 Win=2160384 Len=0"
"463","337.794752","::1","::1","TCP","75","3000  >  59120 [PSH, ACK] Seq=94 Ack=126 Win=2160384 Len=11"
"464","337.794771","::1","::1","TCP","64","59120  >  3000 [ACK] Seq=126 Ack=105 Win=2160384 Len=0"
"465","337.794830","::1","::1","TCP","90","59120  >  3000 [PSH, ACK] Seq=126 Ack=105 Win=2160384 Len=26"
"466","337.794844","::1","::1","TCP","64","3000  >  59120 [ACK] Seq=105 Ack=152 Win=2160384 Len=0"
"467","337.795041","::1","::1","TCP","1149","3000  >  59120 [PSH, ACK] Seq=105 Ack=152 Win=2160384 Len=1085"
"468","337.795053","::1","::1","TCP","64","59120  >  3000 [ACK] Seq=152 Ack=1190 Win=2159360 Len=0"
"469","337.795445","::1","::1","TCP","69","59120  >  3000 [PSH, ACK] Seq=152 Ack=1190 Win=2159360 Len=5"
"470","337.795464","::1","::1","TCP","64","3000  >  59120 [ACK] Seq=1190 Ack=157 Win=2160384 Len=0"
"471","337.795482","::1","::1","TCP","64","59120  >  3000 [FIN, ACK] Seq=157 Ack=1190 Win=2159360 Len=0"
"472","337.795487","::1","::1","TCP","64","3000  >  59120 [ACK] Seq=1190 Ack=158 Win=2160384 Len=0"
"473","337.795578","::1","::1","TCP","64","3000  >  59120 [FIN, ACK] Seq=1190 Ack=158 Win=2160384 Len=0"
"474","337.795599","::1","::1","TCP","64","59120  >  3000 [ACK] Seq=158 Ack=1191 Win=2159360 Len=0"
"475","337.795812","::1","::1","HTTP","4603","HTTP/1.1 200 OK  (text/html)"
"476","337.795829","::1","::1","TCP","64","59115  >  8081 [ACK] Seq=3469 Ack=7197 Win=320000 Len=0"
"477","342.798786","::1","::1","TCP","64","8081  >  59115 [FIN, ACK] Seq=7197 Ack=3469 Win=2157056 Len=0"
"478","342.798827","::1","::1","TCP","64","59115  >  8081 [ACK] Seq=3469 Ack=7198 Win=320000 Len=0"
"479","344.935282","::1","::1","UDP","84","51360  >  51360 Len=32"
"480","344.970352","::1","::1","UDP","76","51360  >  51360 Len=24"
"481","344.972592","::1","::1","UDP","84","51360  >  51360 Len=32"
"482","344.984864","::1","::1","UDP","988","51360  >  51360 Len=936"
"483","344.984885","::1","::1","UDP","428","51360  >  51360 Len=376"
"484","344.984891","::1","::1","UDP","540","51360  >  51360 Len=488"
"485","360.138185","::1","::1","UDP","84","51360  >  51360 Len=32"
"486","360.170404","::1","::1","UDP","76","51360  >  51360 Len=24"
"487","360.172950","::1","::1","UDP","84","51360  >  51360 Len=32"
"488","360.184219","::1","::1","UDP","988","51360  >  51360 Len=936"
"489","360.184237","::1","::1","UDP","428","51360  >  51360 Len=376"
"490","360.184243","::1","::1","UDP","540","51360  >  51360 Len=488"
"491","373.130135","::1","::1","TCP","64","59115  >  8081 [FIN, ACK] Seq=3469 Ack=7198 Win=320000 Len=0"
"492","373.130161","::1","::1","TCP","64","8081  >  59115 [ACK] Seq=7198 Ack=3470 Win=2157056 Len=0"
"493","375.140743","::1","::1","UDP","84","51360  >  51360 Len=32"
"494","375.179450","::1","::1","UDP","76","51360  >  51360 Len=24"
"495","375.181597","::1","::1","UDP","84","51360  >  51360 Len=32"
"496","375.189054","::1","::1","UDP","988","51360  >  51360 Len=936"
"497","375.189069","::1","::1","UDP","428","51360  >  51360 Len=376"
"498","375.189076","::1","::1","UDP","540","51360  >  51360 Len=488"
"499","378.885624","::1","::1","TCP","65","[TCP Keep-Alive] 59118  >  8081 [ACK] Seq=0 Ack=1 Win=2160640 Len=1"
"500","378.885642","::1","::1","TCP","76","[TCP Dup ACK 419#1] 8081  >  59118 [ACK] Seq=1 Ack=1 Win=2160640 Len=0 SLE=0 SRE=1"
"501","379.236315","::1","::1","TCP","69","56069  >  3000 [PSH, ACK] Seq=1 Ack=1 Win=1271 Len=5"
"502","379.236337","::1","::1","TCP","64","3000  >  56069 [ACK] Seq=1 Ack=6 Win=8437 Len=0"
"503","379.236479","::1","::1","TCP","75","3000  >  56069 [PSH, ACK] Seq=1 Ack=6 Win=8437 Len=11"
"504","379.236516","::1","::1","TCP","64","56069  >  3000 [ACK] Seq=6 Ack=12 Win=1271 Len=0"
"505","379.236539","::1","::1","TCP","69","56734  >  3000 [PSH, ACK] Seq=1 Ack=1 Win=1272 Len=5"
"506","379.236557","::1","::1","TCP","64","3000  >  56734 [ACK] Seq=1 Ack=6 Win=8438 Len=0"
"507","379.236676","::1","::1","TCP","75","3000  >  56734 [PSH, ACK] Seq=1 Ack=6 Win=8438 Len=11"
"508","379.236688","::1","::1","TCP","64","56734  >  3000 [ACK] Seq=6 Ack=12 Win=1272 Len=0"
"509","390.074852","::1","::1","UDP","84","51360  >  51360 Len=32"
"510","390.114011","::1","::1","UDP","76","51360  >  51360 Len=24"
"511","390.117080","::1","::1","UDP","84","51360  >  51360 Len=32"
"512","390.127238","::1","::1","UDP","988","51360  >  51360 Len=936"
"513","390.127260","::1","::1","UDP","428","51360  >  51360 Len=376"
"514","390.127269","::1","::1","UDP","540","51360  >  51360 Len=488"
"515","404.940074","::1","::1","UDP","84","51360  >  51360 Len=32"
"516","404.976514","::1","::1","UDP","76","51360  >  51360 Len=24"
"517","404.978964","::1","::1","UDP","84","51360  >  51360 Len=32"
"518","404.988861","::1","::1","UDP","988","51360  >  51360 Len=936"
"519","404.988888","::1","::1","UDP","428","51360  >  51360 Len=376"
"520","404.988898","::1","::1","UDP","540","51360  >  51360 Len=488"
"521","420.246756","::1","::1","UDP","84","51360  >  51360 Len=32"
"522","420.278224","::1","::1","UDP","76","51360  >  51360 Len=24"
"523","420.280406","::1","::1","UDP","84","51360  >  51360 Len=32"
"524","420.291528","::1","::1","UDP","988","51360  >  51360 Len=936"
"525","420.291545","::1","::1","UDP","428","51360  >  51360 Len=376"
"526","420.291551","::1","::1","UDP","540","51360  >  51360 Len=488"
"527","423.899151","::1","::1","TCP","65","[TCP Keep-Alive] 59118  >  8081 [ACK] Seq=0 Ack=1 Win=2160640 Len=1"
"528","423.899171","::1","::1","TCP","76","[TCP Keep-Alive ACK] 8081  >  59118 [ACK] Seq=1 Ack=1 Win=2160640 Len=0 SLE=0 SRE=1"
"529","432.433932","::1","::1","TCP","64","59118  >  8081 [FIN, ACK] Seq=1 Ack=1 Win=2160640 Len=0"
"530","432.433949","::1","::1","TCP","64","8081  >  59118 [ACK] Seq=1 Ack=2 Win=2160640 Len=0"
"531","432.434026","::1","::1","TCP","64","8081  >  59118 [FIN, ACK] Seq=1 Ack=2 Win=2160640 Len=0"
"532","432.434047","::1","::1","TCP","64","59118  >  8081 [ACK] Seq=2 Ack=2 Win=2160640 Len=0"
"533","435.149671","::1","::1","UDP","84","51360  >  51360 Len=32"
"534","435.287221","::1","::1","UDP","76","51360  >  51360 Len=24"
"535","435.289685","::1","::1","UDP","84","51360  >  51360 Len=32"
"536","435.308201","::1","::1","UDP","988","51360  >  51360 Len=936"
"537","435.308218","::1","::1","UDP","428","51360  >  51360 Len=376"
"538","435.308224","::1","::1","UDP","540","51360  >  51360 Len=488"
"539","450.085423","::1","::1","UDP","84","51360  >  51360 Len=32"
"540","450.121759","::1","::1","UDP","76","51360  >  51360 Len=24"
"541","450.124456","::1","::1","UDP","84","51360  >  51360 Len=32"
"542","450.132791","::1","::1","UDP","988","51360  >  51360 Len=936"
"543","450.132810","::1","::1","UDP","428","51360  >  51360 Len=376"
"544","450.132818","::1","::1","UDP","540","51360  >  51360 Len=488"
